카테고리	키워드	분류	키워드	분류	키워드	분류	키워드	분류	키워드		A = antonym	E = equal	S = sub keyword	R = related	N = disable	@ = 출력키워드	NE = 검토중인 E	NS = 검토중인 S	NR = 검토중인 R						
출처/제작사																									
	@소설원작	E	소설의영화화																						
		S	한국소설원작																						
		S	미국소설원작																						
		S	일본소설원작																						
		S	영국소설원작																						
		S	핀란드소설원작																						
		S	프랑스소설원작																						
		S	캐나다소설원작																						
		S	대만소설원작																						
		S	고전소설원작	E	고전의재해석																				
		S	단편소설원작																						
		S	@인터넷소설	E	PC통신연재소설원작																				
				E	인터넷소설원작																				
	@만화원작	S	미국만화원작																						
		S	한국만화원작																						
		S	일본만화원작																						
		S	@웹툰원작	E	인터넷만화원작																				
		S	애니메이션원작																						
		S	그래픽노블원작	S	@마블코믹스																				
				S	@DC코믹스	E	디씨코믹스																		
						E	DC Comics																		
		S	원작만화책																						
		S	만화극장판																						
	영화원작	E	리메이크																						
		E	remake																						
		E	리메이크영화들																						
		E	리메이크실패작																						
	@TV원작	E	TV시리즈원작																						
		S	TV드라마원작	S	드라마원작																				
				S	미국TV드라마원작																				
				S	일본드라마원작																				
		S	TV다큐멘터리원작																						
	@희곡원작	S	영국희곡원작																						
	@동화원작	E	그림책원작																						
		S	헨젤과 그레텔																						
		S	이상한 나라의 앨리스																						
		S	별주부전																						
	@연극원작																								
	@게임원작	E	게임영화화																						
	@뮤지컬원작	N	뮤지컬																						
		N	neg_뮤지컬음악																						
		N	뮤지컬 영화																						
		N	neg_독립_뮤지컬																						
		N	neg_단편_뮤지컬																						
		N	neg_뮤지컬_애니메이션																						
		N	neg_뮤지컬_어린이																						
		N	neg_가족_뮤지컬																						
	@실화바탕	E	실화소재																						
		E	실화원작																						
		E	실화의영화화																						
		E	실화영화																						
		E	실화드라마																						
		E	감동실화																						
		E	실화원작																						
		N	실재																						
		N	실화																						
	@역사바탕	N	무비역사상																						
		N	역사																						
		N	역사성																						
		N	역사적																						
		N	역사관																						
		E	역사물																						
		E	역사극																						
	디즈니																								
세부형식/세부장르																									
	_어린이/가족	E	neg_가족_어린이																						
		S	가족영화																						
		S	어린이영화																						
	_로맨스	E	neg_로맨스																						
		S	neg_드라마_로맨스																						
		S	neg_로맨스_코미디																						
		S	neg_로맨스_뮤지컬																						
		S	neg_로맨스_애니메이션																						
		S	neg_로맨스_판타지																						
		S	하이틴로맨스																						
	@_코미디	E	neg_코미디																						
		E	코미디영화																						
		E	코메디																						
	_액션/모험	N	neg_액션																						
		N	neg_모험																						
		N	neg_모험_액션																						
		S	액션영화																						
		S	액션무비																						
		N	neg_스릴러_액션																						
		N	neg_액션_판타지																						
		S	모험																						
	_스릴러	E	neg_스릴러																						
		E	서스펜스																						
	@_공포영화	E	neg_공포																						
		E	공포영화																						
		E	공포장르																						
		E	공포영화장르																						
		S	공포스릴러영화																						
		S	neg_공포_단편																						
		S	neg_공포_독립																						
		S	일본공포영화																						
		S	웰메이드공포영화																						
		S	공포동화																						
		S	neg_공포_애니메이션																						
		S	neg_공포_로맨스																						
		S	neg_공포_판타지																						
		S	neg_공포_모험																						
		S	neg_공포_액션																						
		S	neg_공포_드라마																						
		S	neg_공포_코미디																						
		S	neg_공포_심령																						
		S	서양공포																						
		N	공포요소	N	심리공포																				
				N	고소공포증																				
				N	폐소공포																				
	@_다큐멘터리	E	다큐																						
		E	neg_다큐멘터리																						
		S	neg_다큐멘터리_뮤지컬																						
		S	neg_다큐멘터리_댄스																						
		S	neg_다큐멘터리_음악																						
		S	neg_다큐멘터리_드라마																						
		S	neg_다큐멘터리_코미디																						
		S	neg_공포_다큐멘터리																						
		S	neg_다큐멘터리_모험																						
		S	neg_다큐멘터리_로맨스																						
		S	neg_다큐멘터리_액션																						
		S	neg_다큐멘터리_스릴러																						
		S	neg_다큐멘터리_스포츠																						
		S	neg_다큐멘터리_종교																						
		S	neg_다큐멘터리_심령																						
		S	리얼다큐멘터리																						
	_종료/심령																								
	@_독립/단편	E	neg_단편_독립																						
	@_애니메이션	E	neg_애니메이션																						
	@리메이크	E	영화원작																						
		E	remake																						
		E	리메이크영화들																						
		E	리메이크실패작																						
		S	홍콩영화원작																						
	시리즈	S	속편																						
		S	@프리퀄																						
	@뮤지컬	E	뮤지컬형식																						
	@블록버스터	S	액션대작																						
		S	sf대작																						
		S	판타지대작																						
		N	한국영화대작																						
		N	대작																						
	@오컬트	S	초자연																						
		S	초현실																						
		N	신비함	N	신비성																				
	@옴니버스	S	옴니버스영화	S	한일청춘옴니버스																				
		S	옴니버스애니메이션																						
	@흑백영화																								
	@무성영화	N	무음																						
		N	음소거																						
	@컬트영화	E	컬트무비																						
	@패러디영화	N	패러디																						
	@합작영화	S	한일합작																						
	@블랙코미디	E	블랙코메디																						
		E	블랙유머																						
		E	블랙코미디영화																						
		E	블랙코미디느낌																						
	@요리영화	N	요리																						
	@퀴어무비	E	퀴어영화																						
		E	퀴어물																						
	@버디무비																								
	@종교영화	S	스릴러종교																						
		S	공포종교																						
		S	종교코미디																						
		S	로맨스종교																						
		S	심령종교																						
	@로드무비																								
	@재난영화																								
	@청춘영화	E	청춘이야기																						
		S	청춘멜로	N	청춘남녀																				
	@인권영화																								
	@음악영화	N	영화음악																						
	@판타지영화	E	환타지영화																						
		S	모험판타지																						
		S	무협판타지																						
		S	판타지로맨스영화																						
		S	판타지액션영화																						
		N	neg_애니메이션판타지																						
		N	neg_드라마판타지																						
		N	neg_스릴러판타지																						
		N	neg_코미디판타지																						
		N	neg_어린이판타지																						
		N	neg_가족판타지																						
		N	neg_공포판타지																						
		N	neg_로맨스판타지																						
		N	neg_sf판타지																						
		S	판타지영화명작																						
		S	판타지명작																						
		S	판타지대작																						
		S	판타지스토리																						
		S	판타지무비																						
		S	판타지시리즈																						
	@액션영화	E	액션무비																						
	@반전영화	N	반전																						
		S	반전스릴러																						
	@전쟁영화																								
	@성장영화	E	성장드라마																						
		N	성장과정																						
	@반공영화																								
	@어린이영화	E	어린이용																						
		S	어린이교육용																						
	@가족영화	E	가족이야기																						
		S	코미디가족영화																						
		S	neg_가족애니메이션																						
		S	neg_가족_스릴러																						
		S	가족오락영화																						
	@전기영화																								
	@첩보영화	E	첩보물																						
		S	첩보스릴러																						
		S	첩보액션																						
	@러브스토리	E	사랑이야기																						
	@하드보일드																								
	@킬링타임용	E	킬링타임영화																						
		E	킬링타임																						
		E	킬링타임무비																						
	@페미니즘																								
	@서부극	E	서부판																						
		S	정통서부극																						
		S	퓨전서부극																						
	@시대극	E	사극																						
		N	시대배경	N	조선시대																				
				N	로마시대																				
				N	삼국시대																				
				N	일제시대																				
				N	중세시대																				
		N	시대영화들																						
	@심리극	S	심리스릴러																						
	@치정극	S	치정사건																						
		S	@치정살인																						
	@1인2역																								
	@영화제수상	E	영화제수상작																						
		E	영화제 상영작																						
		N	국제영화제																						
		N	베를린영화제	E	배를린영화제																				
		N	깐느영화제																						
		N	서울독립영화제																						
		N	부산국제영화제																						
	@슬랩스틱																								
	@스너프영화	E	스너프필름																						
	애니메이션	S	옴니버스애니메이션	N	옴니버스영화																				
		S	@실사애니	E	부분애니메이션																				
				E	실사+애니메이션																				
		S	컴퓨터 애니메이션																						
	다큐멘터리	S	@페이크다큐	E	페이크다큐멘터리		페이크다큐영화																		
				E	다큐멘터리+극영화																				
		S	인터뷰다큐멘터리																						
		S	자전적다큐멘터리																						
		S	@자연다큐	N	동식물																				
				N	생물																				
		S	막장 다큐멘터리																						
		S	다큐드라마																						
		S	@다큐형식	E	다큐멘터리형식																				
		S	neg_다큐멘터리_댄스																						
		S	neg_다큐멘터리_뮤지컬																						
		S	neg_다큐멘터리_음악																						
		S	neg_다큐멘터리_드라마																						
		S	neg_다큐멘터리_코미디																						
		S	neg_다큐멘터리_모험																						
		S	neg_다큐멘터리_단편																						
		S	neg_다큐멘터리_독립																						
		S	neg_다큐멘터리_종교																						
		S	neg_다큐멘터리_스포츠																						
		S	neg_다큐멘터리_심령																						
	@독립영화	E	인디영화	N	인디																				
		E	단편독립																						
		S	다큐멘터리독립																						
		N	독립영화한편																						
	@저예산영화																								
	@단편영화	S	단편로맨스																						
		S	단편스릴러																						
	@예술영화	N	예술작																						
		N	영화예술성	N	예술영화인																				
		N	예술적																						
		N	예술성																						
	공포영화	E	호러영화																						
		S	@십대호러																						
		S	@스플래터	S	슬래셔																				
				N	고어																				
	@해피엔딩																								
	@새드엔딩																								
	에로영화	E	성인영화																						
	@스릴러	E	서스펜스																						
		S	서스펜스스릴러																						
	@SF영화	E	공상과학영화																						
		E	SF시리즈																						
	@어린이영화																								
	@법정물																								
	@정치물																								
	@막장																								
배경>시간/시대/사건																									
	@삼국시대	S	백제																						
		S	고구려																						
		S	신라																						
	@고려시대																								
	@조선시대	E	이조시대																						
		S	조선왕조																						
	@일제시대	E	일제강점기																						
		E	일제치하																						
		S	@독립운동																						
		S	위안부																						
	@냉전시대																								
	@중세시대	S	중세유럽																						
	@고대로마																								
	@고대그리스																								
	@에도시대																								
	@크리스마스	S	크리스마스이브																						
	@부활절																								
	@발렌타인	E	발렌타인데이																						
	@4.19혁명																								
	@제주항쟁	E	제주도항쟁																						
		E	43항쟁																						
		E	4.3항쟁																						
	@6.25전쟁	E	육이오전쟁																						
		E	한국전쟁	N	한국전쟁영화																				
		E	625																						
		E	6.25																						
		N	남북전쟁																						
	@베트남전쟁	E	베트남전																						
		E	월남전																						
	@태평양전쟁	E	태평양전투																						
	@이라크전쟁	E	이라크전																						
	@병자호란																								
	@임진왜란																								
	@명량해전																								
	세계대전	N	1차세계대전	E	제1차세계대전																				
		N	2차세계대전	E	제제2차세계대전																				
				E	제2차세계대전																				
		N	제3차세계대전																						
	@프랑스혁명																								
	@68혁명																								
	@1920년대																								
	@1930년대	S	1930년대후반																						
	@1940년대																								
	@1950년대																								
	@1960년대																								
	@1970년대																								
	@1980년대																								
	@1990년대																								
배경>지명																									
	남아메리카	S	@아르헨티나	S	부에노스아이레스																				
		S	@쿠바																						
		S	@자메이카																						
	북아메리카	S	미국	S	@뉴욕	E	뉴욕시																		
						S	@맨하탄	E	맨해튼																
								S	@월스트리스																
								N	엠파이어스테이트																
								N	자유의여신상																
								N	할렘가																
								N	센트럴파크																
								N	소호																
						N	뉴요커																		
																									
				S	@라스베가스	E	라스베거스																		
				S	샌프란시스코																				
				S	텍사스																				
				S	@알래스카	E	알라스카																		
				S	센트럴파크																				
				S	@시카고																				
				S	플로리다																				
				S	@하와이																				
				S	보스턴																				
				S	@브로드웨이																				
				S	@마이애미																				
				N	헐리우드	E	헐리웃																		
						E	할리우드																		
				S	@캘리포니아																				
				S	미시시피																				
				S	@LA	E	로스앤젤레스																		
				S	@시애틀																				
				S	네바다																				
				S	뉴멕시코																				
		S	@캐나다	S	몬트리올																				
		S	@멕시코																						
		S	@브라질																						
		S	@우루과이																						
	아프리카	S	@남아공	E	남아프리카공화국																				
				S	요하네스버그																				
		S	@모로코																						
		S	@이집트																						
		S	@케냐																						
		S	@알제리																						
		S	@자메이카																						
		S	@아마존																						
	유럽	E	유럽연합																						
		S	@영국	S	@런던																				
				S	리버풀																				
		S	@스코틀랜드																						
		N	아일랜드	S	더블린																				
		S	@이탈리아	S	베니스																				
				S	밀라노																				
		S	@벨기에																						
		S	@프랑스	S	@파리	N	에펠탑																		
				S	에펠탑																				
				S	루브르박물관																				
		S	@아이슬란드																						
		S	@그리스																						
		S	@독일	S	@베를린																				
				S	함부르크																				
				S	동베를린																				
				S	동독																				
				S	서독																				
		S	@스웨덴	S	바르셀로나																				
		S	@핀란드																						
		S	@덴마크																						
		S	@스페인	S	스페인골목																				
		S	@러시아	S	모스크바																				
				S	시베리아																				
		S	@소련																						
		S	@세르비아																						
		S	@루마니아																						
		S	@폴란드																						
		S	발칸반도																						
		S	@체코	S	프라하																				
		S	@지중해																						
		S	@오스트리아	S	비엔나																				
		S	@헝가리	S	부다페스트																				
		S	@알프스																						
		S	@스파르타																						
	아시아	S	@터키	S	이스탄불																				
		S	@우즈벡	E	우즈베키스탄																				
		S	@우크라이나																						
		S	@유고	E	유고슬라비아																				
		S	@이스라엘	S	예루살렘																				
		S	@팔레스타인																						
		S	@아프간	E	아프가니스탄																				
		S	@이라크	S	바빌론																				
		S	@레바논																						
		S	@인도																						
		S	일본	S	@도쿄																				
				S	오키나와																				
				S	@오사카																				
				S	후쿠오카																				
				S	후지산																				
				S	홋카이도	E	홋가이도																		
						E	훗카이도																		
				S	시부야																				
		S	중국	S	@상하이																				
				S	@베이징																				
				S	@홍콩																				
				S	@마카오																				
				S	@티벳																				
				S	만리장성																				
				S	@원나라																				
				S	@청나라																				
				S	@송나라																				
				S	@명나라																				
				S	@당나라																				
		S	대한민국	S	@강원도	S	속초																		
				S	서울																				
				S	일산신도시																				
				S	@부산	S	해운대																		
				S	@제주도																				
				S	전라도																				
				S	홍대																				
				S	인천																				
				S	춘천																				
				S	포항																				
				S	롯데월드																				
				S	@한강	S	동작대교																		
						S	원효대교																		
						S	성수대교																		
						S	마포대교																		
				S	인천대교																				
		N	북한																						
		S	@대만	S	타이페이																				
		S	@사이판																						
		S	@캄보디아																						
		S	@말레이시아																						
		S	@인도네시아																						
		S	@필리핀	S	@보라카이																				
		S	@태국	S	방콕																				
		S	@미얀마																						
		S	@방글라데시																						
		S	@동티모르																						
		S	@히말라야																						
	오세아니아	S	@호주	E	오스트레일리아																				
		S	@뉴질랜드																						
	@남극																								
	@북극																								
배경>장소 																									
	@우주	S	@우주탐험	E	우주탐사	N	탐험대																		
				S	우주센터																				
				S	우주정거장																				
				S	우주선	S	우주왕복선																		
						S	우주탐사선																		
						N	외계우주선																		
				S	우주과학자																				
				S	우주비행사	E	우주인																		
				S	NASA																				
				N	탐험대	S	탐험가																		
		S	@우주정복	E	우주지배																				
				S	우주침략자																				
				S	우주대마왕																				
				S	@우주전쟁																				
				A	우주평화																				
		S	@우주평화																						
		S	@외계인	E	우주생물																				
				E	외계생명체																				
				E	외계족																				
				S	@UFO																				
				S	이티																				
		S	행성	S	소행성																				
				S	미행성																				
				S	외계행성																				
				S	목성																				
				N	화성																				
		S	은하계																						
		S	대우주																						
		S	소우주																						
	@지구	S	@지구정복	S	지구침공	E	지구침략																		
						E	외계인침공																		
				A	@지구평화	S	지구수호																		
						S	지구방위대																		
	@가상현실	S	가상미래																						
		S	가상공간																						
		S	가상도시																						
	@사막	S	모하비사막																						
		S	중동사막																						
		S	고비사막																						
	숲	S	숲속																						
	@바다	S	해변	E	바닷가																				
		S	해수욕장	S	동해해수욕장																				
		S	바다속	E	바다밑																				
		S	바다여행																						
	@정글	E	밀림																						
	@천국	A	지옥																						
	@지옥																								
	@이승	A	저승																						
	@저승																								
	@청와대																								
	@백악관																								
	학교	N	초등학교	S	초등학교교사	E	초등학교선생																		
				N	초등학생	E	초딩																		
		N	중학교	S	@중학생																				
		N	고등학교	S	예술고등학교																				
				S	미국고등학교																				
				S	@여고	S	@여고생																		
				S	@고등학생	E	고교생																		
						S	@여고생																		
				S	고교교사																				
		S	@대학교	E	대학																				
				S	대학교수																				
				S	대학강사																				
				S	@대학생	S	@신입생	E	대학신입생																
						S	@여대생																		
						S	@복학생																		
				S	대학원생																				
		N	선생님	E	선생																				
				E	교사																				
				S	@과외선생	E	과외선생님																		
				S	@불량선생																				
				S	총각선생																				
				S	@여선생	E	여교사																		
				S	음악선생	E	음악교사																		
				S	양호선생	E	양호교사																		
				S	교생																				
		N	교수	S	@여교수																				
		N	학생	S	여학생																				
				S	장학생																				
				S	@불량학생	E	불량청소년																		
						E	문제아																		
						S	학교짱	E	일진																
						R	퇴학																		
				N	초등학생																				
				S	@중학생																				
				S	@고등학생																				
				S	@대학생	S	@여대생																		
				S	@신입생																				
				S	@복학생																				
		S	@퇴학																						
		S	@방학	S	봄방학																				
				S	여름방학																				
				S	겨울방학																				
		S	@졸업	E	졸업식																				
		S	전학	S	전학생																				
		S	@사제지간	S	스승																				
				S	제자																				
	@병원	S	@의사	S	치과의사																				
				S	외과의사																				
				S	소아과 의사																				
				S	산부인과의사																				
				S	여의사																				
				S	한의사																				
				S	@수의사																				
				S	정신과의사																				
				S	수의사																				
				S	성형외과의사																				
				S	장의사																				
		S	간호사	S	간호원																				
		S	@환자	S	중환자																				
				S	정신질환자																				
				S	암환자																				
		S	수술	S	이식수술	S	신장이식수술																		
						S	장기이식																		
						S	골수이식																		
						S	심장이식																		
						N	이식																		
				S	심장수술																				
				S	뇌수술																				
				S	성형수술																				
				S	성전환수술																				
				S	시력회복수술																				
		S	수술실																						
		S	진료																						
	@법정	S	@판사																						
		S	@변호사	S	변호인																				
				S	여변호사																				
				S	국선변호사	R	국선변호																		
		N	검사																						
		S	배심원																						
		S	피고인																						
		N	원고																						
		S	재판	S	재판관																				
				S	재판부																				
				S	재판장																				
		S	사형선고	S	사형수																				
		S	대법원																						
	@시골	E	시골마을																						
		S	농촌																						
		S	어촌																						
		S	시골병원																						
		S	시골분교																						
		S	시골청년																						
		S	@시골소년																						
		S	@시골소녀																						
	회사	E	직장																						
		S	@광고회사																						
		S	벤처회사																						
		S	@보험회사	S	보험회사직원	S	@보험설계사	S	보험판매원																
								S	보험맨																
								S	보험왕																
						S	보험조사원																		
		S	@증권회사																						
		S	@샐러리맨	E	회사원																				
				E	직장인																				
				S	회사동료	E	직장동료																		
				S	직장상사																				
				N	비서	E	여비서																		
				S	@커리어우먼																				
		S	승진																						
		S	@실직	E	실업																				
				S	@해고	S	구조조정	S	부당해고																
								S	정리해고																
								S	강제해고																
								S	권고사직																
		S	@퇴직	S	정년퇴직	E	정년퇴임																		
				S	명예퇴직																				
				R	해고																				
	@군대	S	@군대생활	E	군생활																				
				E	군대문화																				
				S	@군입대																				
				S	@군제대																				
				S	첫휴가																				
				S	군대폭행																				
		S	@탈영	S	탈영병																				
		S	@군인	S	군대상사																				
				S	군대선임																				
				S	군대후임																				
				S	이등병																				
				S	장교																				
				S	@퇴역군인																				
		S	육군																						
		S	@해군																						
		S	@공군	S	@파일럿	S	공군조종사																		
		S	@해병대	E	해병																				
		S	징병기피																						
		S	병역거부																						
		S	군부대	S	@특수부대																				
				N	외인부대																				
				N	부대원																				
				N	부대장																				
	@감옥	S	교도소	S	교도관																				
				S	죄수																				
		S	수용소																						
		S	@소년원																						
		S	감옥생활	E	감옥살이																				
		S	지하감옥																						
		S	출옥	E	출소																				
		S	@탈옥	S	탈옥수	E	탈옥범																		
	@증권가	S	@증권회사																						
		R	주식																						
	@방송국																								
	@연예계	R	톱스타	N	배우																				
				N	여배우																				
				N	아이돌																				
				N	개그맨	N	코메디언																		
		N	찌라시																						
	왕국	S	@황제	N	왕																				
		S	@여왕																						
		S	@왕비	E	왕후																				
		S	@공주																						
		S	@왕자																						
		S	@왕권	E	왕위																				
				S	왕위계승																				
	@무인도																								
	@공항																								
	@소인국																								
	@거인국	S	@거인	E	거인족																				
	@박물관																								
	@카지노																								
소재>상황/사건																									
	@복수	E	보복																						
		E	복수극																						
		S	보복수사																						
		S	보복살인	E	복수살인																				
		S	복수계획																						
		R	원수	S	부모의원수																				
	@살인	E	살해																						
		E	살인사건																						
		E	살해사건																						
		S	복수살인																						
		S	@연쇄살인	S	화성연쇄살인사건	E	화성살인																		
				S	의문연쇄살인																				
				S	연쇄살인범	E	연쇄살인마	N	용의자																
		S	@청부살인	E	청부살해																				
				E	살인청부																				
				S	살인청부업자																				
				S	청부살인업																				
		S	@치정살인																						
		S	모방살인																						
		S	토막살인																						
		S	집단살인	R	대량학살																				
		S	엽기살인																						
		S	@충동살인	E	우발적살인																				
		S	@계획살인	E	살인공모																				
				E	살해계획																				
				E	살인계획																				
		S	위장살인																						
		S	@살인누명	S	@살해혐의																				
		S	살인미수																						
		S	살인용의자																						
		S	살인자	E	살인범																				
				E	살해범																				
		S	@살인마	E	살인광																				
				S	연쇄살인마																				
				S	천재살인마																				
				N	킬러																				
	@대량학살	E	대학살																						
		S	난징대학살																						
		S	학살																						
	@광기	S	@사이코패스	E	싸이코패스																				
	@납치	E	납치극	S	납치범																				
		S	신부납치																						
		S	@유괴	E	유괴사건																				
				N	납치																				
		S	@인신매매	S	인신매매범	E	인신매매단																		
				N	장기매매	N	장기밀매																		
	@인질극	S	@인질	E	포로																				
				N	인질극																				
		S	인질범																						
	@감금																								
	@고문	S	전기고문																						
		S	고문기술자																						
		S	고문전문가																						
		R	고문관																						
	@학대	S	아동학대																						
		S	동물학대																						
		N	가혹																						
	@싸움	S	@패싸움																						
		S	@부부싸움																						
		S	@결투																						
		S	@대결																						
	@파멸																								
	@저주																								
	@폭로	E	폭로전																						
	@위장	S	신분위장																						
		S	위장잠입																						
		S	위장이혼																						
		S	위장살인																						
		S	@위장결혼																						
		S	위장가족																						
		S	위장간첩																						
		S	위장경찰																						
		S	@변장																						
		R	이중생활																						
	@잠복	E	잠입																						
		S	잠입수사	E	잠복수사																				
				E	잠복근무																				
		S	위장잠입																						
	@은둔생활																								
	@실종	E	실종사건																						
		E	행방불명	N	유괴																				
		S	실종자																						
	자살	S	분신자살																						
		S	동반자살																						
		S	투신자살																						
		S	집단자살																						
		S	자살미수	E	자살기도																				
				E	자살시도																				
	@탈출	S	@탈옥	S	@탈옥수	E	탈옥범																		
		N	쇼생크탈출																						
		N	일상탈출																						
		N	탈출구																						
	@구출	S	구출작전																						
	@생존	S	생존자																						
		S	@생존본능																						
	사고	S	@화재사고																						
		S	@교통사고	S	자동차사고																				
				S	오토바이사고																				
				S	접촉사고																				
				S	@음주운전																				
				S	@뺑소니																				
		S	@비행기사고	S	비행기추락																				
		S	@열차사고	S	열차탈선																				
				S	열차폭발																				
		S	@원자력사고	E	원전사고																				
		S	@의료사고																						
		S	폭발사고																						
		S	@총기사고																						
		S	@조난사고	E	조난																				
		S	@911테러	E	9.11																				
				E	911																				
	@재난	E	천재지변																						
		E	재앙																						
		S	@재난영화																						
		S	@화산폭발	S	화산	S	화산재																		
				S	활화산																				
		S	@태풍	E	허리케인																				
		S	@지진	E	대지진																				
		S	@홍수	S	대홍수																				
				S	쓰나미																				
		S	@폭풍	S	폭풍우																				
				S	폭우																				
				N	폭풍눈물																				
				N	폭풍감동																				
				N	폭풍전야																				
				N	폭풍성장																				
		S	@폭설																						
		S	@화재	S	화재사건	E	화재사고																		
				S	방화	S	방화범																		
		S	가뭄																						
		N	호우																						
	@항해																								
	@성폭력	S	성폭행	E	강간																				
				E	겁탈																				
				S	강간미수																				
				S	연쇄강간범																				
				S	미성년자 강간																				
		S	아동성범죄	E	아동성폭력																				
				E	아동성폭행																				
		S	집단성폭행																						
		S	성희롱	E	성추행																				
		S	성폭행범																						
	@전쟁	E	전투																						
		S	@핵전쟁																						
		S	비핵전쟁																						
		S	@우주전쟁																						
		S	내전	S	스페인내전																				
				R	민족분쟁																				
		S	@베트남전쟁	E	베트남전																				
				E	월남전																				
				S	베트남군인																				
		S	@6.25전쟁	E	육이오전쟁																				
				E	한국전쟁																				
				E	625																				
				E	6.25																				
		S	@이라크전쟁	E	이라크전																				
		S	@태평양전쟁	E	태평양전투																				
		S	테르모필레전투																						
		S	@병자호란																						
		S	@임진왜란																						
		S	@명량해전																						
		S	@세계대전	S	@1차세계대전	E	제1차세계대전																		
				S	@2차세계대전	E	제제2차세계대전																		
						E	제2차세계대전																		
				S	제3차세계대전																				
		S	세계정복																						
		R	세계평화																						
		S	@전쟁영웅																						
		S	전쟁노병																						
		S	@전쟁포로	S	포로수용소																				
		S	전쟁미망인																						
	@암살	S	암살음모	E	암살계획																				
		S	@킬러	E	암살단																				
				E	암살자																				
				E	암살요원																				
				E	살인병기																				
				E	살인청부업자																				
				S	여자킬러																				
																									
		S	케네디암살																						
		S	김일성암살계획																						
	@테러	E	대테러																						
		S	폭탄테러																						
		S	테러음모																						
		S	@911테러																						
		S	@테러리스트	E	테러범																				
				E	테러집단	S	반미테러집단																		
	@음모	S	음모론	E	음모이론																				
		S	살인음모	E	살해음모																				
		S	암살음모																						
		S	테러음모																						
		S	정치음모																						
		S	기업음모																						
	@여행	S	@신혼여행	E	밀월여행																				
				R	신혼부부																				
		S	@가족여행																						
		S	@커플여행																						
		S	@세계여행	E	해외여행	S	유럽여행																		
						S	이탈리아 여행																		
				E	세계일주																				
				N	비행기여행																				
				N	세계정복																				
		S	@국내여행	S	강릉여행																				
		S	@우주여행	S	화성여행																				
		S	@시간여행																						
		S	@배낭여행																						
		S	무전여행																						
		S	수학여행																						
		S	즉흥여행																						
		S	도보여행	R	자전거여행																				
				R	자동차여행																				
		S	자전거여행																						
		S	자동차여행																						
		S	여행가이드	S	여행사가이드																				
		S	여행사	S	여행사가이드																				
				S	여행사직원																				
				S	여행상품																				
		S	@여행가	S	여행작가																				
		S	여행객																						
		S	@캠핑																						
	@시간여행	E	시간이동																						
		E	타임슬립																						
		E	타임리프																						
		E	타임워프																						
		S	@타임머신																						
		S	@시간정지																						
		S	시간여행자																						
	@죽음	S	@가족의죽음	S	아버지의죽음																				
				S	어머니의죽음																				
				S	남편의죽음																				
				S	아내의죽음																				
				S	동생의죽음																				
				S	아이의죽음																				
				S	아들의죽음																				
				S	딸의죽음																				
				S	가족몰살																				
		S	@친구의죽음																						
		S	죽음준비																						
		S	@의문사																						
		R	삶과죽음																						
	@삶과죽음	S	삶의의미																						
	감정	S	@죄책감																						
		S	@외로움	E	고독																				
		S	@설렘	E	설레임																				
				E	설램																				
		S	@상실감																						
		S	@두려움																						
		S	@그리움																						
	@스토킹	S	스토커																						
		S	@집착	N	집요																				
				S	집착녀																				
		S	@질투																						
	@동거	S	동거녀																						
		A	별거																						
	@불륜	E	불륜관계																						
		E	내연관계																						
																									
		E	외도																						
		S	@남편의외도																						
		S	불륜현장																						
		S	불륜녀																						
		S	불륜남																						
	@스캔들	S	섹스스캔들																						
	@이별	E	헤어짐																						
		E	실연																						
		S	사별																						
		S	사랑과이별																						
	@재회	S	재결합																						
	@이혼	S	이혼가정																						
		S	부모이혼																						
		S	이혼녀																						
		S	이혼남																						
	@재혼																								
	@프로포즈	E	청혼																						
		R	사랑고백																						
	@약혼	S	약혼자																						
		S	약혼녀																						
	@파혼																								
	@결혼	E	혼인																						
		S	결혼생활																						
		S	@위장결혼	E	가짜결혼식																				
		S	@국제결혼																						
		S	@정략결혼																						
		S	중매결혼																						
		S	강제결혼																						
		S	@사기결혼																						
		S	@결혼기념일	S	결혼1주년																				
				S	결혼2주년																				
		S	결혼정보회사																						
		S	@결혼식	N	결혼기념일																				
		S	결혼반대																						
		S	@상견례																						
		S	@유부남																						
		S	@유부녀																						
		S	새신랑	N	신랑감																				
		S	새신부																						
		R	신혼																						
		N	결혼적령기																						
		N	신부	N	신부감																				
	@신혼	S	@신혼부부																						
		S	@첫날밤																						
		S	@신혼여행																						
	@임신	S	@상상임신																						
		S	@청소년임신	E	10대임신																				
		S	만삭																						
		S	@불임																						
		S	임산부																						
		S	인공수정																						
		R	출산	A	낙태																				
				N	사산																				
	@출산																								
	@낙태																								
	@육아	S	양육	E	아이양육																				
	@연애	S	@계약연애																						
		S	@비밀연애																						
		S	@사내연애	E	사내커플																				
		S	장기연애																						
		S	자유연애																						
		S	@양성연애																						
		S	@대학생커플	S	캠퍼스커플																				
		S	@십대커플																						
		S	@데이트																						
		N	롱디																						
	@운명	S	인연																						
		S	우연한만남																						
		S	@운명적사랑																						
	@사랑	S	@가족애	E	가족사랑																				
				S	@형제애																				
				S	@부부애																				
				S	@부모애	S	모성애.부성애																		
						S	@부성애																		
						S	@모성애	E	모성																
								N	모성적																
																									
		S	@애증	N	증오																				
		S	@짝사랑																						
		S	@옛사랑	R	옛추억	N	추억																		
						N	예전추억들																		
				S	옛연인																				
				S	옛애인																				
		S	@첫사랑	N	첫키스																				
		S	@끝사랑	E	마지막사랑																				
		S	@삼각관계																						
		S	@사랑고백	N	러브송																				
				N	연애편지																				
		S	@사랑쟁탈전																						
		S	@노년의사랑	E	노년의 사랑																				
		S	@사제간사랑	E	사제간의사랑																				
		S	@운명적사랑	E	운명적 사랑																				
				N	운명																				
		S	@순수한사랑	E	순수로맨스																				
				N	순수																				
		S	영원한사랑																						
		S	참된사랑																						
		S	새로운사랑																						
		S	빗나간사랑																						
		S	@금지된사랑	S	근친상간																				
				S	동성애																				
				S	불륜																				
		N	동성애	N	동성애자	E	동성애인																		
						E	동성연애자																		
						E	호모섹슈얼																		
						N	게이	S	게이부모																
								S	게이커플																
								S	게이바																
						S	레즈비언																		
						S	퀴어	S	@퀴어무비	E	퀴어영화														
										E	퀴어물														
						S	커밍아웃																		
						R	성적소수자																		
						A	호모포비아																		
				S	@커밍아웃																				
				S	@성정체성																				
		S	사랑싸움																						
		S	@사랑과우정	N	우정																				
		R	사랑과이별																						
	@우정	S	@사랑과우정																						
		S	@버디무비																						
		N	친구																						
	@권태	S	권태기																						
		S	부부권태																						
	@가정불화	E	가족불화																						
		E	가족해체																						
		S	@부부불화	E	부부갈등																				
				S	@부부싸움																				
				S	@별거																				
		S	@고부갈등	S	@시집살이																				
		S	@가정폭력																						
		R	가족붕괴																						
	@별거																								
	@시한부인생	E	시한부																						
	@기억상실	S	기억상실증	S	단기기억상실증																				
		S	부분기억상실																						
		S	기억삭제																						
	@초능력	S	초능력자																						
		S	순간이동																						
		S	텔레파시																						
		N	특별한능력																						
	@두뇌게임	E	두뇌싸움																						
	@인종문제	S	인종차별	E	인종차별주의																				
				S	한국인차별																				
				S	조선인차별																				
		S	인종갈등																						
	@멸망	S	인류멸망																						
		S	지구멸망																						
		R	종말																						
	@종말	S	지구종말																						
		S	종말론																						
		R	멸망																						
	욕망	S	@성적욕망	E	육체적욕망																				
				E	원초적욕망																				
				E	욕정																				
				E	성욕																				
				E	애욕																				
				E	성적욕구																				
				E	성적본능																				
				S	성적유희																				
				S	육체탐닉																				
				S	성적노리개																				
				S	@성적환상	E	성적판타지																		
				S	성적호기심	E	성적 호기심																		
				S	성적취향	E	성적편력																		
				S	성적일탈																				
				S	성적유린																				
																									
		S	@권력욕	S	출세욕																				
				S	명예욕																				
		S	@승부욕																						
		S	정복욕																						
		S	@식욕																						
		S	탐욕																						
		S	욕구불만																						
	@가상현실	S	가상미래																						
		S	가상공간																						
		S	가상도시																						
	@인간복제	S	@복제인간	E	클론인간																				
				E	클론																				
		R	인조인간																						
		N	유전자																						
	@독재	S	독재정권																						
		S	군부독재																						
		S	유신정권																						
		S	군사정권																						
	@위조	S	위조지폐																						
		S	미술복제	E	그림복제																				
	@민주화운동	S	@민주화	E	민주화투쟁																				
				E	민주항쟁																				
				S	5.18민주화운동	E	518민주화운동																		
						E	518																		
						E	5.18																		
						E	광주민주화운동																		
						E	5.18광주민주화운동																		
						E	광주민주항쟁																		
						E	광주항쟁																		
						E	광주사태																		
	@해킹	S	해커																						
		S	컴퓨터바이러스																						
	@삶의일상	E	평범한 삶																						
		S	일상의반복																						
		S	행복한일상																						
		N	일상																						
	하루																								
	@배신	S	배신자																						
		S	배신감																						
		A	의리																						
	@의리																								
	@사기극	E	사기음모																						
		S	@사기도박																						
		S	@보험사기																						
		S	취업사기																						
		S	@사기꾼	E	사기단	S	토지사기단																		
				S	전문사기꾼																				
				S	천재사기꾼																				
		R	거짓말																						
		N	사기																						
		N	사기성																						
	@거짓말																								
	@입양	S	해외입양																						
		S	입양아	S	해외입양아																				
	@유혹	S	성적유혹																						
	@엑소시즘	E	퇴마																						
		E	유령퇴치																						
		E	퇴마의식																						
		S	엑소시스트	E	퇴마사																				
				E	유령사냥꾼																				
				R	무당																				
		R	주술																						
		R	악령	R	악마	R	마녀																		
	@인권	S	인권문제																						
		S	여성인권																						
		S	국가인권위원회																						
		S	인권운동가	S	인권변호사																				
		S	@인권영화																						
		N	인권선진국																						
	@탐험	E	탐사	S	탐사선																				
				S	탐사대																				
		S	탐험대																						
		S	탐험가																						
		R	모험가																						
	@어드벤처	E	모험																						
		E	어드벤쳐																						
		E	탐험																						
		S	모험가																						
	@도전	S	도전정신																						
		N	도전적																						
	@풍자	E	해학																						
		S	사회풍자																						
		S	정치풍자																						
		S	@블랙코미디																						
		S	세태풍자																						
	@상류층	E	상류사회																						
		E	상위층																						
		N	사회지도층																						
		N	지도층																						
		N	상위권																						
		S	@귀족																						
		S	@재벌	E	대재벌																				
				S	석유재벌																				
				S	재벌2세	S	재벌딸	S	재벌상속녀																
								S	상속녀																
						S	재벌아들																		
				S	억만장자																				
				S	백만장자																				
	성전환	S	성전환수술																						
		N	트랜스젠더																						
	@독립운동	S	독립운동가	S	독립군																				
				S	독립투사																				
		S	독립기념일																						
	@환생	E	부활																						
	@전생																								
	@영혼체인지	E	영혼바뀜																						
	@빙의																								
	@부정부패	E	비리																						
		E	부조리																						
		S	정치비리	E	부패정치																				
				S	부패정치인																				
		S	선거비리	E	부정선거																				
		S	행정부패																						
		S	비리재단																						
		S	비리형사	E	부패형사																				
		S	부패경찰																						
		S	부패검사																						
		S	부패기자																						
	@도망	E	도피																						
		E	도주																						
		E	피신																						
		S	@망명																						
		S	@도망자																						
	@학교폭력	E	교내폭력																						
		S	고교폭력																						
		S	폭력서클	E	폭력써클																				
				E	불량서클																				
				E	일진																				
	종교	E	신앙																						
		S	@천주교	E	카톨릭																				
				E	가톨릭																				
				S	교황청																				
				S	@성당																				
				S	수도원																				
				S	수녀원																				
				S	교황																				
				S	추기경																				
				S	수녀	S	수녀견습생																		
				S	카톨릭사제																				
				S	천주교도																				
				S	천주교리전파																				
				S	천주교박해																				
				S	고해성사																				
				S	바티칸																				
		S	@기독교	S	기독교인																				
				S	기독교정신																				
				S	@교회	S	순복음중앙교회																		
				S	@목사	S	조용기목사																		
						S	사이비목사																		
		S	@불교	S	@스님	E	승려																		
						S	법정스님																		
		S	@사이비종교	S	사이비목사																				
	@무정부주의	E	아나키즘																						
		S	아나키스트																						
		N	무정부																						
	@변장	S	@남장여장	S	남장	E	남장여자																		
				S	여장	E	여장남자																		
	@반란	E	쿠데타	S	정변																				
				N	역변																				
		S	선상반란																						
		S	반란군																						
	@환경파괴	E	자연파괴																						
		E	지구오염																						
		S	@지구온난화	E	온난화																				
		S	환경오염																						
		S	오염																						
		S	대기오염																						
		R	환경운동가																						
	@팜므파탈																								
	@중년	S	@중년부부																						
		S	중년남성	E	중년사내																				
		S	중년여자																						
	@노년	S	@노년부부	E	노부부																				
		S	@노년의사랑	E	노년의 사랑																				
		R	노인																						
	@노인문제																								
	@사춘기	E	청소년기																						
		S	사춘기소녀																						
		S	사춘기청소년들																						
	@유년시절	E	어린시절																						
		E	유년기																						
		R	소년																						
		R	소녀																						
		R	초등학생																						
	@학창시절	E	학교생활																						
		S	@고교시절																						
		S	@대학시절	E	대학생활																				
				S	대학입시																				
				S	대학입학																				
				S	대학합격																				
				S	대학중퇴																				
				S	대학졸업																				
				S	대학가요제																				
		N	유년시절																						
	@투병생활	E	투병																						
		S	암투병																						
	@이상과현실	E	꿈과현실																						
		E	현실과환상	N	비현실																				
				N	초현실																				
				N	가상현실																				
		E	현실과환영																						
		E	현실과이상																						
	@가출	S	가출청소년																						
		S	가출소녀																						
	@미스터리	E	미스테리																						
		E	미스테리영화																						
		E	정체불명																						
		E	미궁																						
		N	수수께끼																						
		S	@미해결사건	E	미제사건																				
	공포증	S	@광장공포증	E	광장공포																				
		S	@폐소공포증	E	폐쇄공포증																				
				S	밀실공포증																				
		S	@대인공포증																						
		S	@고소공포증																						
		S	@트라우마																						
	@정신질환	E	정신병	N	정신병원																				
				S	정신병자																				
		S	정신분열증	E	정신분열																				
				E	정신이상																				
		S	@강박증	S	강박관념																				
				S	@결벽증																				
				S	강박감																				
				S	강박증세																				
		S	@다중인격	E	다중자아																				
				S	이중인격																				
				S	다중인격자																				
		S	@사이코패스	E	싸이코패스																				
				E	사이코패스영화																				
				N	정신병자																				
				N	정신병																				
				N	정신질환자																				
		S	@우울증																						
		S	@자폐증	S	자폐아																				
		S	@수면장애	S	@불면증																				
				S	@몽유병	N	꿈속																		
		S	@관음증																						
		S	@과대망상																						
		S	@실어증																						
		S	@거식증	E	신경성식욕부진증																				
		S	@대식증																						
		S	@의처증																						
		S	난독증																						
		S	@건망증																						
		S	자살증후군																						
		S	정신병환자	E	정신병자																				
		S	정신병원	S	정신과의사																				
				S	정신과상담																				
		R	콤플렉스																						
	@콤플렉스	E	컴플렉스																						
		S	외디푸스콤플렉스																						
		S	레드콤플렉스																						
		S	외모컴플렉스																						
		S	신데렐라컴플렉스																						
	@악몽																								
	@중독	S	@알콜중독	E	알코올중독																				
		S	@마약중독	E	마약쟁이																				
		S	약물중독																						
		S	납중독																						
	@정신지체	E	정신지체장애																						
		S	외상성정신장애																						
		S	@지적장애인	S	정신지체아																				
				S	정신지체자																				
	@증후군	S	틱 증후군																						
		S	서번트증후군																						
		S	다운증후군																						
	장애	S	뇌성마비																						
		S	@치매	E	알츠하이머병																				
				E	알츠하이머																				
				S	@치매노인																				
		S	@의식불명	S	혼수상태																				
				S	뇌사상태	E	뇌사																		
						E	식물인간																		
						E	코마																		
		S	@장애인	S	@시각장애인	E	맹인																		
						R	시력장애																		
						R	시력상실증																		
						R	시각상실																		
				S	@청각장애인	E	귀머거리																		
						R	청각장애																		
				S	@지적장애인																				
				S	중증장애인																				
		S	@시력장애	S	시력상실증																				
				S	시각상실																				
		S	@청각장애																						
	@왕따	E	집단따돌림																						
		S	따돌림																						
		S	외톨이																						
	섹스	E	성관계																						
		S	@섹스리스	S	섹스거부																				
		S	섹스메이트																						
		S	수중섹스																						
		N	폰섹스																						
		S	@첫경험																						
		S	@원나잇	E	원나잇스탠드																				
	@첫경험																								
	@첫키스																								
	@성형수술	S	성형외과	S	성형외과의사																				
	@성형중독																								
	@슬럼프																								
	@정치	S	여성정치																						
		S	공포정치																						
		S	@정치인	E	정치가																				
				S	정치깡패																				
				S	정치범																				
		S	정치학	N	국제정치																				
				N	정치사회적																				
		S	정치계	S	정치비리																				
				S	정치음모																				
		R	독재	S	독재정권																				
				S	군부독재																				
				S	유신정권																				
	@장례식	E	장례																						
		S	장의사	E	장례사																				
				E	장례지도사																				
		N	상조																						
	@연상연하	S	연상의여자	E	연상의 여인																				
				E	연상녀																				
				S	연상아내																				
		S	연하의남자	E	연하남																				
	@마법	S	@마법사	N	마법방어술																				
				N	해리포터																				
				N	해리포터시리즈																				
		S	마법학교																						
		S	마법왕국	E	마법성																				
		S	마법보석																						
		S	마법램프	E	마법의 램프																				
		S	마법카드																						
	@마술	S	@마술사																						
	@서커스																								
	@남북문제	S	@북한	S	남북분단																				
				S	@탈북	S	탈북자	E	북한이탈주민																
						S	새터민																		
				S	@이산가족																				
				S	남북단일팀																				
				S	북한군	S	북한초소병																		
						S	북한공작원	E	남파공작원																
								E	대남공작원																
								R	간첩																
	@감염	S	바이러스																						
		S	전염병	S	흑사병																				
		R	에이즈																						
		N	감염률																						
	@인생역전																								
	@휴머니즘	E	휴머니즘드라마																						
	@해고	S	구조조정	S	부당해고																				
				S	정리해고																				
				S	강제해고																				
				S	권고사직																				
	@퇴직	S	정년퇴직	E	정년퇴임																				
		S	명예퇴직																						
		S	권고사직																						
	@청춘	E	젊음																						
		S	청춘남녀																						
		S	@청춘영화	S	청춘멜로																				
				S	청춘이야기																				
		N	청춘예찬																						
		N	청춘만화																						
	@동심																								
	@성장통	N	성장																						
		S	성장과정	E	성장기																				
				E	청소년성장기																				
				N	성장드라마																				
		N	급성장	N	폭풍성장																				
	@가난	E	생활고																						
		E	가난함																						
		E	빈곤																						
		S	최빈민층																						
		S	빈민가	E	빈민촌																				
		S	가난뱅이																						
	@누명	S	@살인누명	S	@살해혐의																				
	@추적	E	추격																						
		E	미행																						
		S	추격전																						
	@변신	S	변신합체																						
	@인간승리	E	자수성가																						
		E	성공스토리																						
	@조실부모	S	소녀가장																						
		S	소년가장																						
	@도박	E	도박경기																						
		S	불법도박																						
		S	도박꾼	E	타짜																				
		S	도박장																						
		S	도박판																						
	@고백	S	@사랑고백																						
	삶	E	인생																						
		S	@삶과죽음																						
		S	@삶의일상																						
		S	@희로애락	E	희노애락																				
	@오디션	S	콘테스트																						
	@방황	S	@사춘기	N	청소년																				
		S	@일탈	E	일상탈출																				
				S	성적일탈																				
		R	반항																						
	@반항	S	반항아																						
	@다중인격	E	다중자아																						
		S	이중인격																						
	@이중생활																								
	@힐링	E	상처치유																						
		E	치유																						
	@소풍																								
	@이민	S	이민자	S	러시아 이민자																				
		S	이민2세																						
	@휴가																								
	@선거	S	대통령선거																						
		S	국회의원선거																						
		S	부정선거																						
	@생체실험	E	인체실험																						
소재>일반소품,소재																									
	핵	S	@핵무기	S	핵미사일																				
				S	핵탄두																				
				S	핵잠수함																				
				S	핵전함																				
		S	@핵실험																						
		S	핵과학자																						
		R	방사능																						
	@방사능																								
	@에이즈																								
	@생명공학																								
	@치매	E	알츠하이머병																						
		E	알츠하이머																						
		S	@치매노인																						
	@마약	S	마약거래	S	마약밀매																				
				S	마약밀수																				
				S	마약운반																				
				S	마약거래상																				
		S	@마약업자	E	마약상																				
				E	마약범죄단																				
				E	마약범																				
				E	마약조직																				
				S	마약밀매단	E	마약밀매업자																		
				S	마약제조범																				
				S	마약딜러																				
				S	마약거래상																				
				S	마약판매책																				
				S	마약딜러																				
				S	국제마약조직																				
				S	마약조직																				
		S	@마약단속반	E	마약 단속반																				
				E	마약단속반(DEA)																				
				E	마약반																				
		S	@대마초	E	마리화나																				
		N	마약쟁이																						
	@댄스	E	춤																						
		S	@댄스대회	E	댄스경연대회																				
		S	@댄스배틀																						
		S	댄스파티																						
		S	@댄서	E	무용수																				
				E	춤꾼																				
				S	@비보이																				
				S	댄스그룹																				
				S	백댄서																				
				S	스트립댄서	E	스트리퍼																		
		S	벨리댄스																						
		S	탭댄스																						
		S	@스트릿댄스	E	스트리트댄스																				
		S	@사교댄스	S	살사댄스																				
		S	@발레	S	발레단																				
				S	발레리나																				
				S	발레리노																				
				S	발레콩쿨																				
		S	디스코	S	디스코장																				
		S	룸바																						
		S	왈츠																						
		S	현대무용																						
		S	에어로빅																						
	@공연	S	@오페라	S	@오페라가수	N	성악가																		
						N	성악	N	소프라노																
								N	테너																
		S	@연극																						
	@스포츠	E	neg_스포츠																						
		S	@야구	E	소프트볼																				
				S	프로야구	E	야구경기	N	홈런																
								N	안타																
								N	파울																
						S	해태타이거즈																		
						S	삼미슈퍼스타즈																		
						S	롯데자이언츠																		
						S	두산베어스																		
						S	기아타이거즈																		
						S	OB베어스																		
						S	@메이저리그	S	월드시리즈																
				S	고교야구	S	고교야구부																		
				S	야구선수	S	@투수	S	왼손투수																
						S	포수																		
						N	타자																		
				S	@야구천재																				
				S	@야구스타																				
				S	야구감독																				
				S	야구부	S	야구부원																		
				S	여자야구단																				
																									
		S	@프로레슬링	E	wwe																				
				S	프로레슬러																				
		S	@축구	E	축구경기																				
				E	축구시합																				
				S	축구선수																				
				S	축구감독																				
				S	축구부																				
				S	축구팬																				
				S	@미식축구	E	럭비																		
						S	슈퍼볼																		
		S	@테니스	S	테니스선수																				
		S	@농구																						
		S	@탁구																						
		S	@핸드볼																						
		S	@아이스하키																						
		S	@레슬링	N	프로레슬링																				
		S	@마라톤	S	마라토너	N	달리기																		
		S	@권투	E	복싱	N	킥복싱																		
				E	권투경기																				
				E	권투시합																				
				S	권투선수	E	복서																		
		S	@수영	S	수영선수																				
				N	수영장																				
				N	수영복																				
		S	@승마	S	승마선수																				
		S	@바둑	S	바둑기사																				
		S	@X스포츠	E	익스트림스포츠																				
		S	@올림픽	N	성화																				
		S	@월드컵	S	2002한일월드컵	E	2002년월드컵																		
	음악	S	@음악축제	E	뮤직페스티발																				
				S	록페스티벌	E	락페스티벌																		
		S	@음악회	E	연주회																				
		S	@록음악	E	록뮤직																				
				E	록큰롤																				
				E	락큰롤																				
				E	로큰롤																				
				S	포크록																				
				S	펑크록																				
				S	모던록	E	모던락																		
				S	록스타																				
				S	록밴드	E	락밴드																		
				S	록가수	E	록커																		
						E	락커																		
						E	락가수																		
				S	락까페																				
				R	록페스티벌																				
		S	@힙합	N	힙스터																				
				N	랩																				
		S	@재즈	S	재즈싱어																				
				S	재즈밴드																				
				S	재즈클럽	S	재즈바																		
						S	재즈까페																		
		S	일렉트로닉댄스뮤직																						
		S	민속음악																						
		S	음악치료																						
		S	@음악가	E	뮤지션																				
				S	@밴드	N	드러머																		
						N	보컬																		
						N	베이스																		
				S	연주가																				
				S	@오케스트라	E	교향악단																		
				S	첼리스트																				
				S	바이올리니스트	E	바이올리니시트																		
				S	화교음악가																				
				S	트럼펫연주자																				
				S	섹스폰연주자																				
				S	기타리스트																				
				S	@피아니스트																				
				S	@인디밴드																				
				S	@작곡가																				
				S	@작사가	S	가요작사가																		
				S	드러머																				
				S	@지휘자																				
				S	@성악가	S	소프라노																		
						S	테너																		
				N	성악																				
		S	악기	S	현악기																				
				S	바이올린																				
				S	피아노																				
				S	드럼																				
				S	섹스폰	E	색소폰																		
				S	기타	S	통기타																		
		S	@합창	S	합창단	E	합창부																		
				S	합창대회																				
	@요리	S	궁중요리																						
		S	중국요리																						
		S	@요리사	E	파티쉐																				
				E	쉐프																				
				E	셰프																				
		S	요리학원																						
		S	@요리영화																						
		R	음식																						
	질병	S	@불치병	S	@파킨슨병																				
				S	@치매	E	알츠하이머																		
				S	@에이즈																				
		S	@난치병																						
		S	@희귀병	S	혈우병																				
				S	조로증																				
				S	무모증																				
				S	무정자증																				
		N	암	S	@뇌종양																				
				S	위암	S	위암말기																		
				S	간암	S	간암말기																		
				S	전립선암																				
				S	신장암																				
				S	@암환자																				
				S	암선고																				
				S	@암투병	S	항암치료																		
		S	@심장병	S	심장병어린이																				
		S	@심장마비																						
		S	@뇌졸증																						
		S	신부전증																						
	@무술	S	@쿵푸	E	쿵후																				
		S	@태권도																						
		S	@검도																						
		S	@태껸																						
		S	@무림고수	E	무술고수																				
		S	무술연마																						
		S	무술전수	S	무술비법전수																				
		S	무술인																						
	@격투기	S	무에타이																						
		S	격투경기																						
		S	킥복싱																						
		S	이종격투기	S	사설이종격투기																				
		S	불법격투기																						
		S	종합격투기																						
	@레이싱	S	카레이싱	E	자동차경주																				
		S	카레이서																						
		S	레이싱팀																						
		S	오토바이레이서																						
		N	경주																						
	@매춘	E	성매매	S	청소년성매매																				
		S	@성상납																						
		S	@매춘부																						
		S	사창가																						
	@축제	E	페스티발																						
		E	페스티벌																						
		S	@할로윈																						
		S	@음악축제	S	록페스티벌																				
	파티	S	생일파티																						
		S	@졸업파티																						
		S	@총각파티																						
		S	@신부파티																						
		S	코스튬파티																						
	보물	S	보물지도																						
	뉴스	S	@아나운서	E	앵커																				
		S	@기자																						
	@사투리																								
	@문신	E	타투																						
	@마야문명																								
	@잉카문명																								
	@경마	S	경마장																						
	컴퓨터	S	인터넷	E	온라인																				
																									
				S	@인터넷사이트	S	@온라인사이트																		
						S	@웹사이트																		
				S	@sns																				
				S	인터넷채팅																				
				S	인터넷방송																				
	@라디오	S	라디오dj																						
		S	라디오pd																						
		S	라디오방송국																						
	@삼국지																								
	@손자병법																								
인물>인물명																									
	캐릭터	S	피노키오																						
		S	스머프																						
		S	@백설공주																						
		S	걸리버																						
		S	피터팬																						
		S	@산타클로스	E	산타할아버지																				
				E	산타																				
		S	배트맨																						
		S	슈퍼맨																						
		S	스파이더맨																						
		S	아이언맨																						
		S	포켓몬스터	E	포켓몬																				
		S	파워레인저																						
		S	헐크																						
		S	마징가																						
		S	헤라클레스																						
		S	해모수																						
		S	@햄릿																						
		S	@돈키호테																						
		S	달타냥																						
		S	손오공																						
		S	삼장법사																						
		S	마루치																						
		S	@성춘향	E	춘향																				
		S	@단군																						
	@실존인물	S	@밥딜런	E	밥 딜런																				
		S	@베토벤																						
		S	@짐모리슨																						
		S	@마돈나																						
		S	@요시토모	E	요시토모 나라																				
		S	@스티브잡스																						
		S	@피카소																						
		S	@헤밍웨이	E	어니스트 헤밍웨이																				
		S	@셰익스피어																						
		S	@링컨																						
		S	@빈라덴																						
		S	@스탈린																						
		S	@히틀러																						
		S	@아웅산수지																						
		S	@사담후세인																						
		S	@루이13세																						
		S	@징기스칸																						
		S	@측천무후																						
		S	@의자왕																						
		S	@전태일																						
		S	@전두환																						
		S	@현정화																						
		S	@김두한																						
		S	@이순신																						
		S	@김유신																						
		S	@세종대왕																						
		S	@대장금																						
		S	@명성황후																						
		S	@고종황제																						
		S	@계백장군																						
		S	@유재하																						
		S	@메탈리카																						
		S	@비틀즈																						
		S	@모차르트	E	모짜르트																				
		S	@베토벤																						
		S	@헨델																						
		S	@선동열																						
	히치콕																								
	이소룡																								
	장만옥																								
	왕가위																								
	이현세																								
인물>직업/역할																									
	살인청부업자	E	청부살인업자																						
		E	청부업자																						
	인신매매범	E	인신매매단																						
	신부	S	@신부납치																						
	@부부	E	아내와남편																						
		N	남편	S	전남편																				
				S	@폭력남편	E	구타남편																		
				S	@남편의외도																				
		N	아내	N	부인																				
		S	부부관계	N	부부끼리																				
		S	@신혼부부	N	신부																				
		S	@중년부부																						
		S	@노년부부	E	노부부																				
		S	@부부애																						
		S	@부부싸움	E	부부갈등																				
				S	부부권태																				
				S	부부불화																				
	@탈옥수	E	탈옥범																						
	@전과자																								
	@가족	S	@기러기가족	S	기러기아빠																				
		S	@이산가족																						
		S	위장가족																						
		S	@다문화가정	R	혼혈아																				
		N	할아버지	S	외할아버지																				
		N	할머니	S	외할머니																				
		N	어머니	E	엄마																				
				S	@홀어머니	R	편모																		
				S	@새엄마	E	계모																		
						E	새어머니																		
				S	@미혼모																				
		N	아버지	E	아빠																				
				S	@홀아버지	R	편부																		
				S	@양아버지																				
				S	@새아빠	E	의붓아버지																		
						E	계부																		
						E	새아버지																		
		S	@형제	S	@의형제																				
				S	이복형제																				
				S	삼형제																				
				S	@형제애																				
				S	친형제																				
		S	@남매	S	@의붓남매																				
				S	@이복남매	E	배다른남매																		
				S	친남매	E	오누이																		
		S	@자매	S	의붓자매																				
				S	이복자매																				
				S	세자매																				
				R	자매애																				
				N	언니																				
		N	딸	S	@아빠와딸	E	아버지와딸																		
						E	아버지와 딸																		
						E	부녀관계																		
						E	부녀지간																		
				S	@엄마와딸	E	어머니와딸																		
						E	모녀																		
						E	모녀지간																		
						E	모녀관계																		
		N	아들	S	@아빠와아들	E	아버지와 아들																		
						E	아버지와아들																		
						E	부자지간																		
						E	부자관계																		
				S	@엄마와아들	E	어머니와아들																		
						E	모자지간																		
						E	모자관계																		
						S	@마마보이																		
		N	동생	S	남동생																				
				S	여동생																				
				S	이복동생	S	이복여동생																		
				S	의붓동생	S	의붓여동생																		
		N	언니																						
		N	오빠	S	이복오빠																				
		N	장인																						
		N	장모																						
		N	사위	S	데릴사위																				
		N	며느리	S	맏며느리																				
		N	조카																						
		N	삼촌	S	외삼촌																				
		S	@가정불화	E	가족불화																				
		S	@가족애																						
		S	@가족여행																						
		R	가족사																						
	@청소년	S	@불량청소년	E	비행청소년																				
		S	가출청소년																						
		S	탈북청소년																						
		S	@중학생																						
		S	@고등학생																						
		R	사춘기																						
		N	청소년영화제																						
		N	청소년음란물																						
		N	청소년기																						
	@소외계층	S	@다문화가정																						
		S	@성적소수자	E	성소수자																				
				S	@동성애자	E	동성애인																		
						E	동성연애자																		
						E	호모섹슈얼																		
						S	레즈비언																		
						S	퀴어	S	@퀴어무비	E	퀴어물														
										E	퀴어영화														
						S	커밍아웃																		
						A	호모포비아																		
						S	@동성애	N	동성애자																
								N	동성애인																
								N	동성연애자																
						N	게이	S	게이부모																
								S	게이커플																
								S	게이바																
				S	@트랜스젠더	S	@성전환	E	성전환수술																
				S	@성정체성																				
		S	@외국인노동자	N	노동자																				
	@호모포비아	N	혐오감																						
	이민자																								
	@로봇	E	로보트																						
		S	전투로보트	S	로보트태권V	E	태권V																		
		S	변신로봇																						
		S	@인공지능																						
		R	인조인간																						
	@인조인간	E	사이보그																						
		E	기계인간																						
		E	휴머노이드																						
	@성형미인	N	성형중독	N	성형미인																				
	@복제인간	E	클론인간																						
		E	클론																						
	@냉동인간																								
	@도플갱어																								
	@뱀파이어	E	흡혈귀																						
		E	드라큘라	E	드라큐라																				
		S	흡혈																						
		R	좀비																						
	@좀비	S	좀비영화	S	좀비바이러스																				
		R	미이라																						
	@미이라	E	미라																						
	@강시																								
	@식인종																								
	@귀신	E	유령																						
		E	악령																						
		E	요괴																						
		E	혼령																						
		E	원혼																						
		S	소녀귀신																						
		S	처녀귀신	N	구미호																				
		S	귀신소동																						
		S	일본귀신																						
		S	귀신호러물																						
		N	물귀신																						
		R	엑소시즘																						
	@천사	A	악마																						
	@악마	R	마녀																						
		N	루시퍼																						
	@마녀	N	마녀사냥																						
		N	백발마녀전																						
		N	마녀사냥꾼																						
	@히어로	E	수퍼히어로	N	슈퍼맨																				
		E	슈퍼히어로																						
		E	영웅																						
		N	히어로즈																						
		S	국민영웅																						
		S	변신영웅																						
		S	가짜영웅																						
		S	수퍼맨																						
		S	@해결사																						
	@괴물	E	괴수																						
		E	괴생명체																						
		E	괴생물체																						
		E	몬스터																						
		S	@돌연변이	E	유전자변이																				
		N	괴상																						
	@대통령	S	여자대통령																						
		S	미국대통령																						
		R	대통령선거																						
	@나치즘	E	나치																						
		E	나찌																						
		S	홀로코스트																						
		S	@히틀러																						
		S	나찌전범																						
		S	독일군																						
		R	유대인																						
		R	파시즘																						
	@파시즘																								
	@유대인	E	유태인																						
		S	유태인수용소																						
		R	나치																						
	@바람둥이	E	카사노바																						
		E	플레이보이																						
		S	바람기																						
		N	바람남																						
	@미남	S	꽃미남																						
		S	킹카																						
	@미녀	S	금발미녀																						
		S	퀸카																						
	@소심남																								
	@특수요원	S	@비밀요원	S	특수비밀요원																				
				S	여성비밀요원																				
				S	국가비밀요원																				
				S	KGB																				
				S	CIA	E	CIA요원																		
						S	전직CIA																		
				S	첩보요원	E	첩보원																		
				S	국정원요원																				
				S	비밀경찰																				
				S	비밀병기																				
				S	비밀결사대																				
		S	@특수부대	E	특공대																				
				S	비밀특공대																				
				S	SWAT																				
				S	특전사																				
				S	수색대																				
		S	@특수수사팀	E	특수수사대																				
				E	특별수사반																				
				S	FBI	E	FBI요원																		
	@라이벌	E	숙적																						
		E	앙숙																						
		E	경쟁자																						
	@파트너	E	콤비																						
	@범죄조직	S	@폭력조직	S	조직폭력																				
				S	조폭	E	깡패																		
						E	깡패들																		
						S	용역깡패																		
		S	@밀매조직	S	무기밀매																				
				S	장기밀매	S	장기밀매단																		
		S	@매춘조직	E	성매매조직																				
		S	@마약조직																						
		S	@야쿠자																						
		S	@마피아	S	마피아보스																				
		S	갱단	S	프랑스갱단																				
				S	갱스터																				
		S	삼합회																						
		S	테러집단	S	테러리스트																				
				S	테러범																				
	@검투사	E	글래디에이터																						
		S	스파르타쿠스																						
	@스파이	E	첩자																						
		E	첩보요원																						
		E	첩보원																						
		S	비밀첩보원																						
		N	간첩																						
	@간첩	S	남파간첩																						
		S	이중간첩																						
		S	위장간첩																						
		S	무장간첩																						
		S	여간첩																						
		R	첩보활동																						
	@탐정	S	명탐정																						
		S	사립탐정																						
	@노인	S	@치매노인																						
		S	할아버지																						
		S	할머니																						
		R	노인문제																						
		R	노년																						
	@아줌마	E	아줌마들																						
	@미시																								
	@디자이너	S	패션디자이너	S	의상디자이너																				
				S	악세서리디자이너																				
				S	구두디자이너																				
				S	섬유디자이너																				
				S	패션디자인																				
		S	조명디자이너																						
		S	장난감디자이너	S	인형디자이너																				
	@장애인	S	@시각장애인	E	맹인																				
				R	시력장애																				
				R	시력상실증																				
				R	시각상실																				
		S	@청각장애인	E	귀머거리																				
				R	청각장애																				
		S	@지적장애인	N	다운증후군																				
		S	중증장애인																						
		S	지체장애인																						
																									
	@천재	S	천재소년																						
		S	@야구천재																						
	@개구쟁이	E	개구장이																						
	@사고뭉치																								
	@인디언																								
	@보디가드	E	경호원	S	경호실장																				
	@늑대인간	S	늑대소년	N	늑대아이																				
	@여전사																								
	@형사	S	강력반형사	E	강력계형사																				
		S	전직형사																						
		S	여형사																						
		S	시골형사																						
		S	@부패형사	E	불량형사																				
		S	가짜형사																						
	@경찰	S	전직경찰																						
		S	교통경찰																						
		S	해양경찰																						
		S	청원경찰																						
		S	여경찰	E	여경찰관																				
		S	비밀경찰	E	위장경찰																				
		S	부패경찰	E	악질경찰																				
		R	보안관																						
	@보안관																								
	@공무원	S	@소방관	E	소방대원																				
	@환경운동가																								
	@주부	E	주부들																						
		S	가정주부																						
		S	전업주부																						
	@해적																								
	@노예	E	노비																						
		S	노예해방																						
		S	노예제도																						
	@백수	S	백수생활																						
	@삼총사	S	@세친구																						
	@소년소녀	E	소년과소녀																						
		S	@소년																						
		S	@소녀																						
	@검객	N	무사																						
		E	자객																						
		S	사무라이																						
		S	닌자																						
	@밴드	S	록밴드																						
		S	재즈밴드																						
		S	@인디밴드	N	독립적																				
	동물	E	동물친구																						
		S	@고양이																						
		S	@강아지	N	개																				
				S	진돗개																				
		S	곰	S	백곰																				
				S	팬더																				
		S	여우																						
		S	@상어																						
		S	@늑대																						
		S	코끼리																						
		S	@고래	S	돌고래																				
		S	@사자																						
		S	@호랑이																						
		S	@펭귄																						
		S	고릴라																						
		S	원숭이																						
		S	거북이																						
		S	토끼																						
		S	@동물원	S	동물조련사																				
		S	@애완동물	S	애완견																				
		S	야생동물																						
		S	@공룡	S	육식공룡																				
				S	초식공룡																				
				R	공룡학자																				
	흑인	S	흑인남성	S	흑인청년																				
		S	흑인여성																						
	@고아	S	고아원																						
	친구	E	친구들																						
		S	@단짝친구																						
		S	@소꿉친구	E	죽마고우																				
		S	@세친구																						
		S	@술친구																						
		S	@고향친구																						
		S	@동기동창	E	동창																				
				E	동창생																				
				S	동창모임	E	동창회																		
				S	초등학교동창																				
				S	여고동창																				
				S	고교동창																				
				S	대학동창	E	대학동기																		
		S	@친구의애인																						
		S	@친구의아내																						
		R	우정																						
		R	친구의죽음																						
	@원수	S	부모의원수																						
	@에스키모	E	예스키모																						
	@연인	E	애인																						
		E	커플																						
		N	여자친구																						
		N	남자친구																						
		S	@옛애인	E	옛연인																				
				S	전남자친구																				
				N	ex																				
		S	오랜연인	E	오래된연인																				
	@쌍둥이	S	일란성쌍둥이																						
		S	샴쌍둥이																						
	@미망인	E	과부																						
		S	전쟁미망인																						
	@홀아비																								
	@학자	S	@과학자	S	우주과학자																				
				S	핵과학자																				
		S	@고고학자																						
		S	@수학자																						
		S	@심리학자																						
		S	@물리학자																						
		S	해양학자																						
		S	사학자																						
		S	기후학자																						
		S	공학자																						
	@기자	E	기자들																						
		S	@신문기자	E	저널리스트																				
		S	잡지기자																						
		S	방송기자																						
		S	사회부기자																						
		S	사진기자																						
		S	취재기자																						
		S	@종군기자																						
		S	신입기자																						
		S	@여기자	S	일본여기자																				
		R	뉴스																						
	@아나운서	E	앵커																						
	@발명가																								
	@공주																								
	@왕자																								
	@강도	S	무장강도																						
		S	은행강도	E	은행털이																				
				E	은행금고털이																				
		S	미술품강도																						
		S	열차강도																						
		R	도둑																						
	@도둑	S	좀도둑																						
		S	도둑질																						
		S	전문도둑																						
		S	소매치기																						
		S	보석털이																						
	@톱스타	R	연예계																						
		N	슈퍼스타																						
		N	연예인																						
		N	아이돌																						
		N	스타																						
	@예술가	S	화가	S	조선화가																				
				S	거리화가																				
		S	아티스트																						
	@작가	S	웹툰작가																						
		S	만화가																						
		S	방송작가																						
		S	시나리오작가																						
		S	극작가																						
		S	TV작가																						
		S	시인																						
		S	여행작가																						
		S	소설가	S	추리소설가																				
		S	대필작가																						
		S	무명작가																						
		S	프리랜서작가																						
		S	여류작가																						
	@사진작가	E	포토그래퍼																						
	@건축가	S	건축설계사																						
		S	건축기사																						
		S	건축사																						
		R	건축																						
	@매춘부	E	매춘녀																						
		E	창녀																						
		R	매춘																						
		R	사창가																						
		R	성매매																						
	@호스티스	E	호스테스																						
		E	술집여자																						
	@싱글	E	솔로	S	@모태솔로																				
		S	@싱글맘																						
		S	@싱글대디																						
		S	미혼남	E	싱글남																				
				S	@노총각																				
		S	미혼녀	E	미혼여성																				
				S	@노처녀	E	올드미스																		
						S	@골드미스																		
	@샐러리맨	E	회사원																						
		E	직장인																						
		S	회사동료	E	직장동료																				
		S	직장상사																						
		S	@커리어우먼																						
	@건달	S	@백수건달																						
		S	@양아치																						
	@집시히피	S	@집시																						
		S	@히피																						
	택시기사																								
	@무당	S	박수무당																						
	@서른살	E	30대																						
		N	서른																						
	@스무살																								
감성표현																									
	감동적	N	뭉클																						
		N	따뜻																						
		N	따뜻하																						
		N	따스하																						
		N	진짜감동적																						
		N	감명																						
	슬픔	N	최루성																						
		N	먹먹하																						
	현실적	N	진짜현실적																						
		N	영화현실적																						
		N	리얼리즘																						
		N	리얼리티																						
		N	사실적																						
	종교적	N	신앙적																						
		S	불교적																						
		S	기독교적	N	성경적																				
	철학적	N	성찰적																						
	몽환적																								
	미학적	N	색채감																						
		N	미학																						
		N	시각적																						
		N	컬러감																						
		N	영상미																						
	교훈적	N	교훈성																						
	실험적	N	독창적																						
		N	창의적																						
		N	이색적																						
		N	참신하																						
		N	참신																						
		N	창의성																						
		N	신선																						
		N	신선하																						
		N	새롭																						
		N	독특																						
	파격적																								
	예술적	N	예술성																						
	비판적	N	사회비판적																						
		N	풍자적																						
		N	풍자성																						
		N	냉소적																						
	비극적	N	참혹성																						
		N	비극성																						
		N	참혹																						
	희망적																								
	교육적																								
	고전적																								
	동양적																								
	감성적	N	잔잔																						
		N	잔잔하																						
		N	감수성																						
		N	소소하																						
		N	여운																						
		N	애절																						
		N	애틋																						
		N	담백																						
	연극적																								
	만화적																								
	문학적																								
	긴장감	N	영화긴장감																						
		N	진짜긴장감																						
		N	최고긴장감																						
		N	몰입도긴장감																						
		N	긴장																						
		N	스릴감																						
		N	스릴																						
	박진감	N	스펙타클																						
		N	속도감																						
		N	긴박감																						
		N	생동감																						
	유쾌한	N	유쾌																						
		N	유쾌함																						
		N	상쾌																						
		N	발랄																						
		N	상큼																						
		N	재치																						
		N	위트																						
	통쾌한	N	통쾌																						
		N	통쾌함																						
		N	쾌감																						
		N	짜릿하																						
		N	카타르시스																						
	몰입감	N	몰입잘됐음																						
		N	몰입함																						
		N	몰입력																						
		N	몰입																						
		N	몰입성																						
																									
																									
																									
																									
																									
																									
																									
																									
																									
																									
																									
																									
																									
																									
																									
																									
																									
																									
																									
																									
																									
																									
																									
																									
																									
																									
																									
																									
																									
																									
																									
																									
																									
																									
																									
																									
																									
																									
																									
																									
																									
																									
																									
																									
																									
																									
																									
																									
																									
																									
																									
																									
																									
																									
																									
																									
																									
																									
																									
																									
																									
																									
																									
																									
																									
																									
																									
																									
																									
																									
																									
																									
																									
																									
																									
																									
																									
																									
																									
																									
																									
																									
																									
																									
																									
																									
																									
																									
																									
																									
																									
																									
																									
																									
																									
																									
																									
																									
																									
																									
																									
																									
																									
																									
																									
																									
																									
																									
																									
																									
																									
																									
																									
																									
																									
																									
																									
																									
																									
																									
																									
																									
																									
																									
																									
																									
																									
																									
																									
																									
																									
																									
																									
																									
																									
																									
																									
																									
																									
																									
																									
																									
																									
																									
																									
																									
																									
																									
																									
																									
																									
																									
																									
																									
																									
																									
																									
																									
																									
																									
																									
																									
																									
																									
																									
																									
																									
																									
																									
																									
																									
																									
																									
																									
																									
																									
																									
																									
																									
																									
																									
																									
																									
																									
																									
																									
																									
																									
																									
																									
																									
																									
																									
																									
																									
																									
																									
																									
																									
																									
																									
																									
																									
																									
																									
																									
																									
																									
																									
																									
																									
																									
																									
																									
																									
																									
																									
																									
																									
																									
																									
																									
																									
																									
																									
																									
																									
																									
																									
																									
																									
																									
																									
																									
																									
																									
																									
																									
																									
																									
																									
																									
																									
																									
																									
																									
																									
																									
																									
																									
																									
																									
																									
																									
																									
																									
																									
																									
																									
																									
																									
																									
																									
																									
																									
																									
																									
																									
																									
																									
																									
																									
																									
																									
																									
																									
																									
																									
																									
																									
																									
																									
																									
																									
																									
																									
																									
																									
																									
																									
																									
																									
																									
																									
																									
																									
																									
																									
																									
																									
																									
																									
																									
																									
																									
																									
																									
																									
																									
																									
																									
																									
																									
																									
																									
																									
																									
																									
																									
																									
																									
																									
																									
																									
																									
																									
																									
																									
																									
																									
																									
																									
																									
																									
																									
																									
																									
																									
																									
																									
																									
																									
																									
																									
																									
																									
																									
																									
																									
																									
																									
																									
																									
																									
																									
																									
																									
																									
																									
																									
																									
																									
																									
																									
																									
																									
																									
																									
																									
																									
																									
																									
																									
																									
																									
																									
																									
																									
																									
																									
																									
																									
																									
																									
																									
																									
																									
																									
																									
																									
																									
																									
																									
																									
																									
																									
																									
																									
																									
																									
																									
																									
																									
																									
																									
																									
																									
																									
																									
																									
																									
																									
																									
																									
																									
																									
																									
																									
																									
																									
																									
																									
																									
																									
																									
																									
																									
																									
																									
																									
																									
																									
																									
																									
																									
																									
																									
																									
																									
																									
																									
																									
																									
																									
																									
																									
																									
																									
																									
																									
																									
																									
																									
																									
																									
																									
																									
																									
																									
																									
																									
																									
																									
																									
																									
																									
																									
																									
																									
																									
																									
																									
																									
																									
																									
																									
																									
																									
																									
																									
																									
																									
																									
																									
																									
																									
																									
																									
																									
																									
																									
																									
																									
																									
																									
																									
																									
																									
																									
																									
																									
																									
																									
																									
																									
																									
																									
																									
																									
																									
																									
																									
																									
																									
																									
																									
																									
																									
																									
																									
																									
																									
																									
																									
																									
																									
																									
																									
																									
																									
																									
																									
																									
																									
																									
																									
																									
																									
																									
																									
																									
																									
																									
																									
																									
																									
																									
																									
																									
																									
																									
																									
																									
																									
																									
																									
																									
																									
																									
																									
																									
																									
																									
																									
																									
																									
																									
																									
																									
																									
																									
																									
																									
																									
																									
																									
																									
																									
																									
																									
																									
																									
																									
																									
																									
																									
																									
																									
																									
																									
																									
																									
																									
																									
																									
																									
																									
																									
																									
																									
																									
																									
																									
																									
																									
																									
																									
																									
																									
																									
																									
																									
																									
																									
																									
																									
																									
																									
																									
																									
																									
																									
																									
																									
																									
																									
																									
																									
																									
																									
																									
																									
																									
																									
																									
																									
																									
																									
																									
																									
																									
																									
																									
																									
																									
																									
																									
																									
																									
																									
																									
																									
																									
																									
																									
																									
																									
																									
																									
																									
																									
																									
																									
																									
																									
																									
																									
																									
																									
																									
																									
																									
																									
																									
																									
																									
																									
																									
																									
																									
																									
																									
																									
																									
																									
																									
																									
																									
																									
																									
																									
																									
																									
																									
																									
																									
																									
																									
																									
